{
    "root_group": {
        "name": "",
        "path": "",
        "id": "d41d8cd98f00b204e9800998ecf8427e",
        "groups": {},
        "checks": {}
    },
    "metrics": {
        "http_req_waiting": {
            "p(90)": 187.92430000000002,
            "p(95)": 241.16095,
            "avg": 97.17171606463894,
            "min": 27.1359,
            "med": 69.9187,
            "max": 822.9608
        },
        "http_req_receiving": {
            "avg": 0.18604110119918085,
            "min": 0.0222,
            "med": 0.1542,
            "max": 16.4187,
            "p(90)": 0.33505,
            "p(95)": 0.4016
        },
        "http_req_failed": {
            "passes": 0,
            "fails": 13676,
            "value": 0
        },
        "iteration_duration": {
            "avg": 1098.6060004167919,
            "min": 1027.8355,
            "med": 1071.348,
            "max": 1824.9701,
            "p(90)": 1189.3359999999998,
            "p(95)": 1242.795425
        },
        "http_req_blocked": {
            "p(90)": 0.0263,
            "p(95)": 0.0311,
            "avg": 0.020883452763966238,
            "min": 0.0031,
            "med": 0.0146,
            "max": 4.5291
        },
        "http_req_duration{expected_response:true}": {
            "avg": 97.43862238958778,
            "min": 27.2358,
            "med": 70.14415,
            "max": 823.0512,
            "p(90)": 188.19170000000003,
            "p(95)": 241.37815
        },
        "http_req_connecting": {
            "med": 0,
            "max": 4.4509,
            "p(90)": 0,
            "p(95)": 0,
            "avg": 0.003128078385492835,
            "min": 0
        },
        "http_req_tls_handshaking": {
            "min": 0,
            "med": 0,
            "max": 0,
            "p(90)": 0,
            "p(95)": 0,
            "avg": 0
        },
        "vus_max": {
            "value": 50,
            "min": 50,
            "max": 50
        },
        "iterations": {
            "count": 13676,
            "rate": 45.44331468529566
        },
        "data_received": {
            "count": 3222036,
            "rate": 10706.346583456514
        },
        "vus": {
            "min": 50,
            "max": 50,
            "value": 50
        },
        "http_req_duration": {
            "med": 70.14415,
            "max": 823.0512,
            "p(90)": 188.19170000000003,
            "p(95)": 241.37815,
            "avg": 97.43862238958778,
            "min": 27.2358
        },
        "data_sent": {
            "count": 2538236,
            "rate": 8434.18084919173
        },
        "http_reqs": {
            "count": 13676,
            "rate": 45.44331468529566
        },
        "http_req_sending": {
            "med": 0.0644,
            "max": 0.9373,
            "p(90)": 0.1712,
            "p(95)": 0.207725,
            "avg": 0.08086522374963463,
            "min": 0.0095
        }
    }
}