{
    "root_group": {
        "path": "",
        "id": "d41d8cd98f00b204e9800998ecf8427e",
        "groups": {},
        "checks": {},
        "name": ""
    },
    "metrics": {
        "iteration_duration": {
            "p(90)": 1024.9176599999998,
            "p(95)": 1030.064755,
            "avg": 1012.7641152794615,
            "min": 1004.0388,
            "med": 1009.82935,
            "max": 1079.5621
        },
        "http_req_receiving": {
            "med": 0.0853,
            "max": 9.9452,
            "p(90)": 0.1493,
            "p(95)": 0.1867,
            "avg": 0.09883985185185218,
            "min": 0.0233
        },
        "http_req_duration": {
            "avg": 11.95599283501676,
            "min": 3.8352,
            "med": 9.009699999999999,
            "max": 78.7666,
            "p(90)": 24.009390000000003,
            "p(95)": 29.093789999999995
        },
        "vus_max": {
            "value": 50,
            "min": 50,
            "max": 50
        },
        "http_req_failed": {
            "passes": 0,
            "fails": 14850,
            "value": 0
        },
        "http_req_blocked": {
            "min": 0.0032,
            "med": 0.0069,
            "max": 7.6203,
            "p(90)": 0.018,
            "p(95)": 0.0232,
            "avg": 0.014076175084175111
        },
        "http_req_connecting": {
            "med": 0,
            "max": 7.5573,
            "p(90)": 0,
            "p(95)": 0,
            "avg": 0.0030650774410774404,
            "min": 0
        },
        "http_req_waiting": {
            "avg": 11.825685461279496,
            "min": 3.739,
            "med": 8.892299999999999,
            "max": 78.6293,
            "p(90)": 23.87949,
            "p(95)": 28.922189999999997
        },
        "http_req_tls_handshaking": {
            "p(95)": 0,
            "avg": 0,
            "min": 0,
            "med": 0,
            "max": 0,
            "p(90)": 0
        },
        "http_req_duration{expected_response:true}": {
            "p(90)": 24.009390000000003,
            "p(95)": 29.093789999999995,
            "avg": 11.95599283501676,
            "min": 3.8352,
            "med": 9.009699999999999,
            "max": 78.7666
        },
        "data_received": {
            "count": 3454164,
            "rate": 11481.698578547612
        },
        "http_req_sending": {
            "avg": 0.031467521885522,
            "min": 0.0077,
            "med": 0.0202,
            "max": 3.007,
            "p(90)": 0.055910000000000036,
            "p(95)": 0.07505499999999993
        },
        "http_reqs": {
            "rate": 49.36164695464142,
            "count": 14850
        },
        "vus": {
            "value": 50,
            "min": 50,
            "max": 50
        },
        "data_sent": {
            "count": 1277100,
            "rate": 4245.101638099162
        },
        "iterations": {
            "rate": 49.36164695464142,
            "count": 14850
        }
    }
}