{
    "root_group": {
        "id": "d41d8cd98f00b204e9800998ecf8427e",
        "groups": {},
        "checks": {},
        "name": "",
        "path": ""
    },
    "metrics": {
        "http_req_duration{expected_response:true}": {
            "max": 223.2769,
            "p(90)": 18.11069,
            "p(95)": 23.80635499999998,
            "avg": 11.439656134680112,
            "min": 4.2704,
            "med": 9.80495
        },
        "http_req_tls_handshaking": {
            "min": 0,
            "med": 0,
            "max": 0,
            "p(90)": 0,
            "p(95)": 0,
            "avg": 0
        },
        "http_reqs": {
            "count": 14850,
            "rate": 49.381830760445176
        },
        "http_req_sending": {
            "med": 0.0191,
            "max": 2.4484,
            "p(90)": 0.0496,
            "p(95)": 0.06685499999999993,
            "avg": 0.027842801346801355,
            "min": 0.0079
        },
        "http_req_failed": {
            "fails": 14850,
            "passes": 0,
            "value": 0
        },
        "http_req_waiting": {
            "p(95)": 23.635015,
            "avg": 11.32030828956233,
            "min": 4.1399,
            "med": 9.6754,
            "max": 223.1243,
            "p(90)": 17.98616
        },
        "iteration_duration": {
            "p(90)": 1018.8827600000001,
            "p(95)": 1024.60056,
            "avg": 1012.2399379259253,
            "min": 1004.4856,
            "med": 1010.6167499999999,
            "max": 1225.7517
        },
        "vus_max": {
            "value": 50,
            "min": 50,
            "max": 50
        },
        "data_received": {
            "rate": 11486.027613834256,
            "count": 3454054
        },
        "http_req_duration": {
            "max": 223.2769,
            "p(90)": 18.11069,
            "p(95)": 23.80635499999998,
            "avg": 11.439656134680112,
            "min": 4.2704,
            "med": 9.80495
        },
        "http_req_blocked": {
            "p(90)": 0.0154,
            "p(95)": 0.0222,
            "avg": 0.014243959595959733,
            "min": 0.0033,
            "med": 0.0067,
            "max": 3.6873
        },
        "http_req_receiving": {
            "p(95)": 0.1578,
            "avg": 0.09150504377104363,
            "min": 0.0235,
            "med": 0.0832,
            "max": 11.6908,
            "p(90)": 0.13431000000000004
        },
        "vus": {
            "value": 50,
            "min": 50,
            "max": 50
        },
        "data_sent": {
            "count": 1277100,
            "rate": 4246.837445398285
        },
        "iterations": {
            "count": 14850,
            "rate": 49.381830760445176
        },
        "http_req_connecting": {
            "p(95)": 0,
            "avg": 0.0029611178451178447,
            "min": 0,
            "med": 0,
            "max": 3.0521,
            "p(90)": 0
        }
    }
}